{
  "intra_cluster": {
    "overall_mean": 0.4947957839262187,
    "overall_std": 0.22539023889465135,
    "per_cluster": {
      